{
  "project_info": {
    "project_number": "16494046942",
    "firebase_url": "https://statusapp-student-fc8ed.firebaseio.com",
    "project_id": "statusapp-student-fc8ed",
    "storage_bucket": "statusapp-student-fc8ed.appspot.com"
  },
  "client": [
    {
      "client_info": {
        "mobilesdk_app_id": "1:16494046942:android:283599a0ae2b8e89481c4f",
        "android_client_info": {
          "package_name": "edu.monash.fit2081.statusapp"
        }
      },
      "oauth_client": [
        {
          "client_id": "16494046942-f9jha56o6emsht94sjg97hcqo8ebvv6i.apps.googleusercontent.com",
          "client_type": 3
        }
      ],
      "api_key": [
        {
          "current_key": "AIzaSyBdOY6Kxo39MlBg1PKVNnL6W4XbgmUol1M"
        }
      ],
      "services": {
        "appinvite_service": {
          "other_platform_oauth_client": [
            {
              "client_id": "16494046942-f9jha56o6emsht94sjg97hcqo8ebvv6i.apps.googleusercontent.com",
              "client_type": 3
            }
          ]
        }
      }
    }
  ],
  "configuration_version": "1"
}